Fold,Training Accuracy,Validation Accuracy,Training Loss,Validation Loss,Training Sensitivity,Validation Sensitivity,Training IOU,Validation IOU,Training Dice,Validation Dice,Training Precision,Validation Precision,Training Specificity,Validation Specificity
0,94.16520690917969,94.16520690917969,0.39259007573127747,0.39259007573127747,0.6420915126800537,0.6420915126800537,0.1790749728679657,0.1790749728679657,0.2637861669063568,0.2637861669063568,0.1861615777015686,0.1861615777015686,0.9428309202194214,0.9428309202194214
1,95.76195526123047,95.76195526123047,0.37568506598472595,0.37568506598472595,0.37590956687927246,0.37590956687927246,0.23188917338848114,0.23188917338848114,0.31282228231430054,0.31282228231430054,0.31160926818847656,0.31160926818847656,0.9646557569503784,0.9646557569503784
2,92.32737731933594,92.32737731933594,0.339428573846817,0.339428573846817,0.733983039855957,0.733983039855957,0.2780902683734894,0.2780902683734894,0.393335223197937,0.393335223197937,0.37284231185913086,0.37284231185913086,0.9341162443161011,0.9341162443161011
3,95.30818176269531,95.30818176269531,0.3849940598011017,0.3849940598011017,0.46199724078178406,0.46199724078178406,0.14330512285232544,0.14330512285232544,0.20738060772418976,0.20738060772418976,0.15968798100948334,0.15968798100948334,0.9650494456291199,0.9650494456291199
4,94.1330795288086,94.1330795288086,0.39216750860214233,0.39216750860214233,0.6676445007324219,0.6676445007324219,0.2619777023792267,0.2619777023792267,0.3502832055091858,0.3502832055091858,0.3212009370326996,0.3212009370326996,0.9466297626495361,0.9466297626495361
