Fold,Training Accuracy,Validation Accuracy,Training Loss,Validation Loss,Training Sensitivity,Validation Sensitivity,Training IOU,Validation IOU,Training Dice,Validation Dice,Training Precision,Validation Precision,Training Specificity,Validation Specificity
0,94.93000793457031,94.93000793457031,0.3649441599845886,0.3649441599845886,0.6091362833976746,0.6091362833976746,0.1598142385482788,0.1598142385482788,0.2424422949552536,0.2424422949552536,0.2183552235364914,0.2183552235364914,0.950236439704895,0.950236439704895
1,92.0210952758789,92.0210952758789,0.3986662030220032,0.3986662030220032,0.45795896649360657,0.45795896649360657,0.145808145403862,0.145808145403862,0.2169695645570755,0.2169695645570755,0.22147148847579956,0.22147148847579956,0.9241483211517334,0.9241483211517334
2,93.9162368774414,93.9162368774414,0.3571436107158661,0.3571436107158661,0.6586709022521973,0.6586709022521973,0.28633177280426025,0.28633177280426025,0.41159331798553467,0.41159331798553467,0.426181435585022,0.426181435585022,0.957747220993042,0.957747220993042
3,93.90987396240234,93.90987396240234,0.390992134809494,0.390992134809494,0.3498508632183075,0.3498508632183075,0.12252873927354813,0.12252873927354813,0.1800767034292221,0.1800767034292221,0.160843163728714,0.160843163728714,0.9519493579864502,0.9519493579864502
4,90.2614974975586,90.2614974975586,0.4071861803531647,0.4071861803531647,0.6316590905189514,0.6316590905189514,0.15109597146511078,0.15109597146511078,0.23666054010391235,0.23666054010391235,0.159560427069664,0.159560427069664,0.9027020931243896,0.9027020931243896
