Fold,Training Accuracy,Validation Accuracy,Training Loss,Validation Loss,Training Sensitivity,Validation Sensitivity,Training IOU,Validation IOU,Training Dice,Validation Dice,Training Precision,Validation Precision,Training Specificity,Validation Specificity
0,90.97669219970703,88.89990997314453,0.3677996098995209,0.4210590720176697,0.40772590041160583,0.5924067497253418,0.12003292143344879,0.12744277715682983,0.18055185675621033,0.20362704992294312,0.18164671957492828,0.1636418104171753,0.9250501990318298,0.8928996324539185
1,94.03131103515625,91.42778015136719,0.35024043917655945,0.4076842665672302,0.4992194175720215,0.39398443698883057,0.17360995709896088,0.15243211388587952,0.2520178556442261,0.21693000197410583,0.23117054998874664,0.2161378413438797,0.9534938335418701,0.9195960164070129
2,93.16959381103516,93.84349822998047,0.3718022108078003,0.3914594054222107,0.461654931306839,0.5810069441795349,0.12770308554172516,0.2987820506095886,0.19045501947402954,0.38591450452804565,0.1592649221420288,0.4054979681968689,0.9413986206054688,0.9555363059043884
3,91.75341033935547,94.38561248779297,0.3661026954650879,0.40726253390312195,0.48328548669815063,0.28385642170906067,0.15815703570842743,0.0945344865322113,0.22866445779800415,0.15454551577568054,0.20306459069252014,0.1752082258462906,0.9271957874298096,0.9607746601104736
4,92.77713012695312,93.34708404541016,0.3530895411968231,0.39887571334838867,0.41909706592559814,0.5741031169891357,0.15521757304668427,0.19393518567085266,0.22538097202777863,0.2733931243419647,0.22683848440647125,0.22385209798812866,0.9395745396614075,0.9403437376022339
