Fold,Training Accuracy,Validation Accuracy,Training Loss,Validation Loss,Training Sensitivity,Validation Sensitivity,Training IOU,Validation IOU,Training Dice,Validation Dice,Training Precision,Validation Precision,Training Specificity,Validation Specificity
0,93.12114715576172,89.666748046875,0.36417630314826965,0.4111652374267578,0.5131824016571045,0.6703840494155884,0.1895805448293686,0.1475917398929596,0.2764853835105896,0.23138798773288727,0.23087674379348755,0.15340541303157806,0.9396310448646545,0.8969529271125793
1,96.06969451904297,96.17394256591797,0.3444218635559082,0.395614355802536,0.5119091868400574,0.2725564241409302,0.24583180248737335,0.19345620274543762,0.33152639865875244,0.27170100808143616,0.31496870517730713,0.3602971136569977,0.9721605777740479,0.9714120030403137
2,95.51150512695312,93.52916717529297,0.35833239555358887,0.37909016013145447,0.5043611526489258,0.7041886448860168,0.19784897565841675,0.3332739472389221,0.2776477038860321,0.4441676139831543,0.24378357827663422,0.461666464805603,0.9625890254974365,0.9477022886276245
3,95.83464813232422,95.15143585205078,0.33401769399642944,0.37654802203178406,0.5579276084899902,0.5092190504074097,0.2605074942111969,0.21056899428367615,0.3544323444366455,0.2998262941837311,0.3251669108867645,0.24085910618305206,0.9669023156166077,0.9575176239013672
4,92.51903533935547,94.29371643066406,0.3601345121860504,0.3991856276988983,0.4282316565513611,0.6188768744468689,0.1399500072002411,0.2556385099887848,0.20220039784908295,0.3419334590435028,0.18557129800319672,0.3132157623767853,0.9377501606941223,0.9472193121910095
