Fold,Training Accuracy,Validation Accuracy,Training Loss,Validation Loss,Training Sensitivity,Validation Sensitivity,Training IOU,Validation IOU,Training Dice,Validation Dice,Training Precision,Validation Precision,Training Specificity,Validation Specificity
0,93.33763122558594,93.74457550048828,0.35579121112823486,0.40961721539497375,0.44166892766952515,0.6003630757331848,0.18707548081874847,0.14335046708583832,0.2598850131034851,0.21446779370307922,0.23337814211845398,0.15393738448619843,0.9442961812019348,0.939925491809845
1,80.18135070800781,80.46833038330078,0.3821653723716736,0.44388389587402344,0.6413316130638123,0.6377193331718445,0.09098876267671585,0.122648224234581,0.147538959980011,0.19379597902297974,0.10308456420898438,0.13177448511123657,0.8052589893341064,0.8044878840446472
2,91.16431427001953,94.05864715576172,0.36586734652519226,0.3854052424430847,0.572417676448822,0.5722242593765259,0.13286933302879333,0.29104721546173096,0.1946803778409958,0.3870663344860077,0.1511232554912567,0.38520872592926025,0.9179399013519287,0.9575088024139404
3,94.22180938720703,94.7604751586914,0.3409971594810486,0.38525137305259705,0.49440452456474304,0.26385533809661865,0.18749497830867767,0.06532265990972519,0.2622382342815399,0.10554869472980499,0.2751198709011078,0.08589181303977966,0.9530200958251953,0.9662238359451294
4,92.73200988769531,90.49436950683594,0.35214537382125854,0.4095551669597626,0.43471887707710266,0.6657270789146423,0.14597736299037933,0.18316718935966492,0.20763541758060455,0.2603432834148407,0.19218923151493073,0.2270641028881073,0.9394658207893372,0.9094545841217041
